Workbook

Sheet Total
A1: Census Table 1 | F1: Final Calculations | J1: Out of Total
A2: 15 to 19 years | B2: 22036076 | C2: 6.6 | F2: 18-24 | G2: =B2+B3-B24-B25 -> 31254763 | H2: =G2/$G$8 -> 0.12098152 | J2: =G2/Total!$G$8 -> 0.12098152
A3: 20 to 24 years | B3: 22166199 | C3: 6.7 | F3: 25-34 | G3: =B4+B5 -> 44834666 | H3: =G3/$G$8 -> 0.17354686 | J3: =G3/Total!$G$8 -> 0.17354686
A4: 25 to 29 years | B4: 22301254 | C4: 6.7 | F4: 35-44 | G4: =B6+B7 -> 42184137 | H4: =G4/$G$8 -> 0.16328715 | J4: =G4/Total!$G$8 -> 0.16328715
A5: 30 to 34 years | B5: 22533412 | C5: 6.8 | F5: 45-54 | G5: =B8+B9 -> 40868806 | H5: =G5/$G$8 -> 0.15819574 | J5: =G5/Total!$G$8 -> 0.15819574
A6: 35 to 39 years | B6: 21874944 | C6: 6.6 | F6: 55-64 | G6: =B10+B11 -> 43408408 | H6: =G6/$G$8 -> 0.16802608 | J6: =G6/Total!$G$8 -> 0.16802608
A7: 40 to 44 years | B7: 20309193 | C7: 6.1 | F7: 65+ | G7: =SUM(B12:B16) -> 55792501 | H7: =G7/$G$8 -> 0.21596266 | J7: =G7/Total!$G$8 -> 0.21596266
A8: 45 to 49 years | B8: 20145294 | C8: 6.1 | F8: Total | G8: =SUM(G2:G7) -> 258343281 | H8: =SUM(H2:H7) -> 1 | J8: =G8/$G$8 -> 1
A9: 50 to 54 years | B9: 20723512 | C9: 6.3 | F9: Not Disclosed
A10: 55 to 59 years | B10: 22120489 | C10: 6.7
A11: 60 to 64 years | B11: 21287919 | C11: 6.4
A12: 65 to 69 years | B12: 18288727 | C12: 5.5
A13: 70 to 74 years | B13: 14823238 | C13: 4.5
A14: 75 to 79 years | B14: 9955322 | C14: 3
A15: 80 to 84 years | B15: 6388779 | C15: 1.9
A16: 85 years and over | B16: 6336435 | C16: 1.9
B17: =SUM(B2:B16) -> 271290793
A19: Intermediate Calculations
A20: 15 and over | B20: =SUM(B2:B16) -> 271290793
A21: 16 years and over | B21: 266968266
A22: 18 years and over | B22: 258343281
A23: 21 years and over | B23: 244532918
A24: 16-18 | B24: =B21-B22 -> 8624985
A25: 15 | B25: =B20-B21 -> 4322527

Sheet Male
A1: Census Table 1 | F1: Final Calculations | J1: Out of Total
A2: 15 to 19 years | B2: 11241567 | C2: 6.9 | F2: 18-24 | G2: =B2+B3-B24-B25 -> 15869243 | H2: =G2/$G$8 -> 0.12664446 | J2: =G2/Total!$G$8 -> 0.061426962
A3: 20 to 24 years | B3: 11265350 | C3: 6.9 | F3: 25-34 | G3: =B4+B5 -> 22471341 | H3: =G3/$G$8 -> 0.17933249 | J3: =G3/Total!$G$8 -> 0.086982487
A4: 25 to 29 years | B4: 11229510 | C4: 6.9 | F4: 35-44 | G4: =B6+B7 -> 20885270 | H4: =G4/$G$8 -> 0.16667485 | J4: =G4/Total!$G$8 -> 0.080843093
A5: 30 to 34 years | B5: 11241831 | C5: 6.9 | F5: 45-54 | G5: =B8+B9 -> 20097428 | H5: =G5/$G$8 -> 0.16038748 | J5: =G5/Total!$G$8 -> 0.0777935
A6: 35 to 39 years | B6: 10857087 | C6: 6.7 | F6: 55-64 | G6: =B10+B11 -> 20983063 | H6: =G6/$G$8 -> 0.16745529 | J6: =G6/Total!$G$8 -> 0.081221632
A7: 40 to 44 years | B7: 10028183 | C7: 6.2 | F7: 65+ | G7: =SUM(B12:B16) -> 24999120 | H7: =G7/$G$8 -> 0.19950542 | J7: =G7/Total!$G$8 -> 0.096767061
A8: 45 to 49 years | B8: 9920816 | C8: 6.1 | F8: Total | G8: =SUM(G2:G7) -> 125305465 | H8: =SUM(H2:H7) -> 1 | J8: =G8/Total!$G$8 -> 0.48503474
A9: 50 to 54 years | B9: 10176612 | C9: 6.3 | F9: Not Disclosed
A10: 55 to 59 years | B10: 10759761 | C10: 6.6
A11: 60 to 64 years | B11: 10223302 | C11: 6.3
A12: 65 to 69 years | B12: 8634739 | C12: 5.3
A13: 70 to 74 years | B13: 6881732 | C13: 4.2
A14: 75 to 79 years | B14: 4475564 | C14: 2.8
A15: 80 to 84 years | B15: 2721048 | C15: 1.7
A16: 85 years and over | B16: 2286037 | C16: 1.4
B17: =SUM(B2:B16) -> 131943139
A19: Intermediate Calculations
A20: 15 and over | B20: =SUM(B2:B16) -> 131943139
A21: 16 years and over | B21: 129727148
A22: 18 years and over | B22: 125305465
A23: 21 years and over | B23: 118303538
A24: 16-18 | B24: =B21-B22 -> 4421683
A25: 15 | B25: =B20-B21 -> 2215991

Sheet Female
A1: Census Table 1 | F1: Final Calculations | J1: Out of Total
A2: 15 to 19 years | B2: 10794509 | C2: 6.6 | F2: 18-24 | G2: =B2+B3-B24-B25 -> 15385520 | H2: =G2/$G$8 -> 0.11564772 | J2: =G2/Total!$G$8 -> 0.059554558
A3: 20 to 24 years | B3: 10900849 | C3: 6.7 | F3: 25-34 | G3: =B4+B5 -> 22363325 | H3: =G3/$G$8 -> 0.16809751 | J3: =G3/Total!$G$8 -> 0.086564376
A4: 25 to 29 years | B4: 11071744 | C4: 6.7 | F4: 35-44 | G4: =B6+B7 -> 21298867 | H4: =G4/$G$8 -> 0.16009634 | J4: =G4/Total!$G$8 -> 0.082444052
A5: 30 to 34 years | B5: 11291581 | C5: 6.8 | F5: 45-54 | G5: =B8+B9 -> 20771378 | H5: =G5/$G$8 -> 0.15613138 | J5: =G5/Total!$G$8 -> 0.080402238
A6: 35 to 39 years | B6: 11017857 | C6: 6.6 | F6: 55-64 | G6: =B10+B11 -> 22425345 | H6: =G6/$G$8 -> 0.16856369 | J6: =G6/Total!$G$8 -> 0.086804445
A7: 40 to 44 years | B7: 10281010 | C7: 6.1 | F7: 65+ | G7: =SUM(B12:B16) -> 30793381 | H7: =G7/$G$8 -> 0.23146337 | J7: =G7/Total!$G$8 -> 0.11919559
A8: 45 to 49 years | B8: 10224478 | C8: 6.1 | F8: Total | G8: =SUM(G2:G7) -> 133037816 | H8: =SUM(H2:H7) -> 1 | J8: =G8/Total!$G$8 -> 0.51496526
A9: 50 to 54 years | B9: 10546900 | C9: 6.3 | F9: Not Disclosed
A10: 55 to 59 years | B10: 11360728 | C10: 6.7
A11: 60 to 64 years | B11: 11064617 | C11: 6.4
A12: 65 to 69 years | B12: 9653988 | C12: 5.5
A13: 70 to 74 years | B13: 7941506 | C13: 4.5
A14: 75 to 79 years | B14: 5479758 | C14: 3
A15: 80 to 84 years | B15: 3667731 | C15: 1.9
A16: 85 years and over | B16: 4050398 | C16: 1.9
B17: =SUM(B2:B16) -> 139347654
A19: Intermediate Calculations
A20: 15 and over | B20: =SUM(B2:B16) -> 139347654
A21: 16 years and over | B21: 137241118
A22: 18 years and over | B22: 133037816
A23: 21 years and over | B23: 126229380
A24: 16-18 | B24: =B21-B22 -> 4203302
A25: 15 | B25: =B20-B21 -> 2106536
